{
  "0": {
    "mean": 0.85,
    "std": 0.887412,
    "min": 0.0,
    "max": 4.0,
    "p10": 0.0,
    "p90": 2.0,
    "mean_minus_std": -0.037412,
    "mean_plus_std": 1.737412,
    "count": 100
  },
  "1": {
    "mean": 1.57,
    "std": 0.992522,
    "min": 0.0,
    "max": 4.0,
    "p10": 0.0,
    "p90": 3.0,
    "mean_minus_std": 0.577478,
    "mean_plus_std": 2.562522,
    "count": 100
  },
  "2": {
    "mean": 2.32,
    "std": 1.047664,
    "min": 0.0,
    "max": 6.0,
    "p10": 1.0,
    "p90": 4.0,
    "mean_minus_std": 1.272336,
    "mean_plus_std": 3.367664,
    "count": 100
  },
  "3": {
    "mean": 2.72,
    "std": 1.166876,
    "min": 0.0,
    "max": 6.0,
    "p10": 1.0,
    "p90": 4.0,
    "mean_minus_std": 1.553124,
    "mean_plus_std": 3.886876,
    "count": 100
  },
  "4": {
    "mean": 3.56,
    "std": 1.151694,
    "min": 0.0,
    "max": 6.0,
    "p10": 2.0,
    "p90": 5.0,
    "mean_minus_std": 2.408306,
    "mean_plus_std": 4.711694,
    "count": 100
  },
  "5": {
    "mean": 4.34,
    "std": 1.38,
    "min": 1.0,
    "max": 9.0,
    "p10": 3.0,
    "p90": 6.0,
    "mean_minus_std": 2.96,
    "mean_plus_std": 5.72,
    "count": 100
  },
  "6": {
    "mean": 5.04,
    "std": 1.522629,
    "min": 2.0,
    "max": 8.0,
    "p10": 3.0,
    "p90": 7.0,
    "mean_minus_std": 3.517371,
    "mean_plus_std": 6.562629,
    "count": 100
  },
  "7": {
    "mean": 5.75,
    "std": 1.596089,
    "min": 2.0,
    "max": 10.0,
    "p10": 4.0,
    "p90": 8.0,
    "mean_minus_std": 4.153911,
    "mean_plus_std": 7.346089,
    "count": 100
  },
  "8": {
    "mean": 6.3,
    "std": 1.445683,
    "min": 2.0,
    "max": 9.0,
    "p10": 4.0,
    "p90": 8.0,
    "mean_minus_std": 4.854317,
    "mean_plus_std": 7.745683,
    "count": 100
  },
  "9": {
    "mean": 7.17,
    "std": 1.618981,
    "min": 3.0,
    "max": 12.0,
    "p10": 5.0,
    "p90": 9.0,
    "mean_minus_std": 5.551019,
    "mean_plus_std": 8.788981,
    "count": 100
  },
  "10": {
    "mean": 7.58,
    "std": 1.625915,
    "min": 4.0,
    "max": 12.0,
    "p10": 5.0,
    "p90": 10.0,
    "mean_minus_std": 5.954085,
    "mean_plus_std": 9.205915,
    "count": 100
  }
}