{
  "0": {
    "mean": 1.72,
    "std": 1.428846,
    "min": 0.0,
    "max": 6.0,
    "p10": 0.0,
    "p90": 4.0,
    "mean_minus_std": 0.291154,
    "mean_plus_std": 3.148846,
    "count": 100
  },
  "1": {
    "mean": 2.42,
    "std": 1.436524,
    "min": 0.0,
    "max": 6.0,
    "p10": 1.0,
    "p90": 4.0,
    "mean_minus_std": 0.983476,
    "mean_plus_std": 3.856524,
    "count": 100
  },
  "2": {
    "mean": 3.42,
    "std": 1.408403,
    "min": 0.0,
    "max": 7.0,
    "p10": 2.0,
    "p90": 5.0,
    "mean_minus_std": 2.011597,
    "mean_plus_std": 4.828403,
    "count": 100
  },
  "3": {
    "mean": 4.08,
    "std": 1.527613,
    "min": 0.0,
    "max": 8.0,
    "p10": 2.0,
    "p90": 6.0,
    "mean_minus_std": 2.552387,
    "mean_plus_std": 5.607613,
    "count": 100
  },
  "4": {
    "mean": 4.58,
    "std": 1.569586,
    "min": 1.0,
    "max": 9.0,
    "p10": 3.0,
    "p90": 7.0,
    "mean_minus_std": 3.010414,
    "mean_plus_std": 6.149586,
    "count": 100
  },
  "5": {
    "mean": 5.2,
    "std": 1.708801,
    "min": 2.0,
    "max": 10.0,
    "p10": 3.0,
    "p90": 8.0,
    "mean_minus_std": 3.491199,
    "mean_plus_std": 6.908801,
    "count": 100
  },
  "6": {
    "mean": 6.06,
    "std": 1.678213,
    "min": 3.0,
    "max": 11.0,
    "p10": 4.0,
    "p90": 8.0,
    "mean_minus_std": 4.381787,
    "mean_plus_std": 7.738213,
    "count": 100
  },
  "7": {
    "mean": 6.53,
    "std": 1.602841,
    "min": 2.0,
    "max": 11.0,
    "p10": 4.0,
    "p90": 9.0,
    "mean_minus_std": 4.927159,
    "mean_plus_std": 8.132841,
    "count": 100
  },
  "8": {
    "mean": 7.4,
    "std": 1.777639,
    "min": 3.0,
    "max": 11.0,
    "p10": 5.0,
    "p90": 10.0,
    "mean_minus_std": 5.622361,
    "mean_plus_std": 9.177639,
    "count": 100
  },
  "9": {
    "mean": 8.12,
    "std": 1.84,
    "min": 3.0,
    "max": 12.0,
    "p10": 6.0,
    "p90": 10.0,
    "mean_minus_std": 6.28,
    "mean_plus_std": 9.96,
    "count": 100
  },
  "10": {
    "mean": 8.72,
    "std": 1.929145,
    "min": 2.0,
    "max": 13.0,
    "p10": 6.9,
    "p90": 11.0,
    "mean_minus_std": 6.790855,
    "mean_plus_std": 10.649145,
    "count": 100
  }
}