{
  "0": {
    "mean": 1.46,
    "std": 1.211776,
    "min": 0.0,
    "max": 5.0,
    "p10": 0.0,
    "p90": 3.0,
    "mean_minus_std": 0.248224,
    "mean_plus_std": 2.671776,
    "count": 100
  },
  "1": {
    "mean": 2.18,
    "std": 1.26,
    "min": 0.0,
    "max": 6.0,
    "p10": 1.0,
    "p90": 4.0,
    "mean_minus_std": 0.92,
    "mean_plus_std": 3.44,
    "count": 100
  },
  "2": {
    "mean": 2.95,
    "std": 1.430909,
    "min": 0.0,
    "max": 7.0,
    "p10": 1.0,
    "p90": 4.1,
    "mean_minus_std": 1.519091,
    "mean_plus_std": 4.380909,
    "count": 100
  },
  "3": {
    "mean": 3.79,
    "std": 1.478479,
    "min": 0.0,
    "max": 8.0,
    "p10": 2.0,
    "p90": 6.0,
    "mean_minus_std": 2.311521,
    "mean_plus_std": 5.268479,
    "count": 100
  },
  "4": {
    "mean": 4.23,
    "std": 1.362755,
    "min": 2.0,
    "max": 9.0,
    "p10": 2.9,
    "p90": 6.0,
    "mean_minus_std": 2.867245,
    "mean_plus_std": 5.592755,
    "count": 100
  },
  "5": {
    "mean": 5.15,
    "std": 1.532155,
    "min": 2.0,
    "max": 10.0,
    "p10": 3.0,
    "p90": 7.0,
    "mean_minus_std": 3.617845,
    "mean_plus_std": 6.682155,
    "count": 100
  },
  "6": {
    "mean": 5.67,
    "std": 1.476855,
    "min": 2.0,
    "max": 8.0,
    "p10": 4.0,
    "p90": 8.0,
    "mean_minus_std": 4.193145,
    "mean_plus_std": 7.146855,
    "count": 100
  },
  "7": {
    "mean": 6.69,
    "std": 1.426149,
    "min": 3.0,
    "max": 10.0,
    "p10": 5.0,
    "p90": 8.0,
    "mean_minus_std": 5.263851,
    "mean_plus_std": 8.116149,
    "count": 100
  },
  "8": {
    "mean": 7.07,
    "std": 1.674843,
    "min": 2.0,
    "max": 12.0,
    "p10": 5.0,
    "p90": 9.0,
    "mean_minus_std": 5.395157,
    "mean_plus_std": 8.744843,
    "count": 100
  },
  "9": {
    "mean": 7.88,
    "std": 1.451069,
    "min": 5.0,
    "max": 11.0,
    "p10": 6.0,
    "p90": 10.0,
    "mean_minus_std": 6.428931,
    "mean_plus_std": 9.331069,
    "count": 100
  },
  "10": {
    "mean": 8.87,
    "std": 1.942447,
    "min": 4.0,
    "max": 13.0,
    "p10": 6.9,
    "p90": 11.0,
    "mean_minus_std": 6.927553,
    "mean_plus_std": 10.812447,
    "count": 100
  }
}