{
  "0": {
    "mean": 0.35,
    "std": 0.638357,
    "min": 0.0,
    "max": 3.0,
    "p10": 0.0,
    "p90": 1.0,
    "mean_minus_std": -0.288357,
    "mean_plus_std": 0.988357,
    "count": 100
  },
  "1": {
    "mean": 1.01,
    "std": 0.699929,
    "min": 0.0,
    "max": 3.0,
    "p10": 0.0,
    "p90": 2.0,
    "mean_minus_std": 0.310071,
    "mean_plus_std": 1.709929,
    "count": 100
  },
  "2": {
    "mean": 1.8,
    "std": 0.883176,
    "min": 0.0,
    "max": 5.0,
    "p10": 1.0,
    "p90": 3.0,
    "mean_minus_std": 0.916824,
    "mean_plus_std": 2.683176,
    "count": 100
  },
  "3": {
    "mean": 2.75,
    "std": 0.90967,
    "min": 1.0,
    "max": 5.0,
    "p10": 2.0,
    "p90": 4.0,
    "mean_minus_std": 1.84033,
    "mean_plus_std": 3.65967,
    "count": 100
  },
  "4": {
    "mean": 3.35,
    "std": 1.033199,
    "min": 0.0,
    "max": 7.0,
    "p10": 2.0,
    "p90": 4.0,
    "mean_minus_std": 2.316801,
    "mean_plus_std": 4.383199,
    "count": 100
  },
  "5": {
    "mean": 4.18,
    "std": 1.160862,
    "min": 1.0,
    "max": 7.0,
    "p10": 3.0,
    "p90": 5.0,
    "mean_minus_std": 3.019138,
    "mean_plus_std": 5.340862,
    "count": 100
  },
  "6": {
    "mean": 4.96,
    "std": 1.07629,
    "min": 2.0,
    "max": 8.0,
    "p10": 4.0,
    "p90": 6.0,
    "mean_minus_std": 3.88371,
    "mean_plus_std": 6.03629,
    "count": 100
  },
  "7": {
    "mean": 5.65,
    "std": 1.098863,
    "min": 3.0,
    "max": 8.0,
    "p10": 4.0,
    "p90": 7.0,
    "mean_minus_std": 4.551137,
    "mean_plus_std": 6.748863,
    "count": 100
  },
  "8": {
    "mean": 6.44,
    "std": 1.267438,
    "min": 3.0,
    "max": 9.0,
    "p10": 5.0,
    "p90": 8.0,
    "mean_minus_std": 5.172562,
    "mean_plus_std": 7.707438,
    "count": 100
  },
  "9": {
    "mean": 6.95,
    "std": 1.203121,
    "min": 4.0,
    "max": 10.0,
    "p10": 5.0,
    "p90": 8.0,
    "mean_minus_std": 5.746879,
    "mean_plus_std": 8.153121,
    "count": 100
  },
  "10": {
    "mean": 7.72,
    "std": 1.517103,
    "min": 4.0,
    "max": 11.0,
    "p10": 6.0,
    "p90": 10.0,
    "mean_minus_std": 6.202897,
    "mean_plus_std": 9.237103,
    "count": 100
  }
}